	Kingdom	Phylum	Class	Order	Family	Genus
GATATATATCGACGATCGTGGGAGTTCGCCGACCGGTTTATAGCTCGAGCATCCAAGACACGAAGGATCATATCGAATAATGTCCTCTTCTCGTGAACGAGATTTCTATATCTCTTCCTTTACAGTGCATGA	Bacteria	NA	NA	NA	NA	NA
GCATCGATAGATGCAGGAACAGTAAACAGGAAATGTATTCGATCGATGGGGCGAAGGGGGCAGCGCAACGGGTAGATATATATCGACGATCGTGGGAGTTCGCCGACCGGTTTATAGCTCGAGCATCCAAGACACGAAGGATCATATCGAATAATGTCCTCTTCTCGTGAACGAGATTTCTATATCTCTTCCTTTACAGTGCATGA	Bacteria	NA	NA	NA	NA	NA
ATACAGAGGGTGCAAGCGTTAATCGGAATTACTGGGCGTAAAGCGCGCGTAGGTGGTTTGTTAAGTTGAATGTGAAATCCCCGGGCTCAACCTGGGAACTGCATCCAAAACTGGCAAGCTAGAGTATGGTAGAGGGTAGTGGAATTTCCTGTGTAGCGGTGAAATGCGTAGATATAGGAAGGAACACCAGTGGCGAAGGCGACTACCTGGACTGATACTGACACTGAGGTGCGAAAGCGTGGGGAGCA	Bacteria	Proteobacteria	Gammaproteobacteria	Pseudomonadales	Pseudomonadaceae	Pseudomonas
ATACGTAGGGTGCAAGCATTATCCGGAGTGACTGGGCGTAAAGAGTTGCGTAGGCGGTTTAATAAGTGAATAGTGAAACCTGGTGGCTCAACCATACAGACTATTATTCAAACTGTTAAACTCGAGAATGGTAGAGGTAACTGGAATTTCTAGTGTAGGAGTGAAATCCGTAGATATTAGAAGGAACACCGATGGCGTAGGCAGGTTACTGGGCCATTTCTGACGCTAAGGCACGAAAGCGTGGGGAGCG	Bacteria	Candidatus_Saccharibacteria	NA	NA	NA	NA
CGTAGGGTGCAAGCATTATCCGGAGTGACTGGGCGTAAAGAGTTGCGTAGGCGGTTTAATAAGTGAATAGTGAAACCTGGTGGCTCAACCATACAGACTATTATTCAAACTGTTAAACTCGAGAATGGTAGAGGTAACTGGAATTTCTAGTGTAGGAGTGAAATCCGTAGATATTAGAAGGAACACCGATGGCGTAGGCAGGTTACTGGGCCATTTCTGACGCTAAGGCACGAAAGCGTGGGGAGCG	Bacteria	Candidatus_Saccharibacteria	NA	NA	NA	NA
TTGGAGCTCTGCCACGTCGGGAGCACCCTCTTGCTCGAGAGCTCTACTGCGATCACCGATACCACACTACAGAACGTCCGCGGTTGGTACTCGTAGGGGTTTGGAGGAGGCTACAGAGAGGCACGGCCCTCGAGGAGAAAACAGGTGGAACGACCCGAGCTGCGAGCTCGCTGGAAGAGCGTAAATATTGATAATCCCTTCGACTATACCTAACTACCCTCTTCCTCGTCTTCT	NA	NA	NA	NA	NA	NA
GGGTGCAAGCGTTAATCGGAATTACTGGGCGTAAAGCGCACGCAGGCGGTTGATTAAGTCAGATGTGAAATCCCCGAGCTTAACTTGGGAACTGCATTTGAAACTGGTCAGCTAGAGTCTTGTAGAGGGGGGTAGAATTCCAGGTGTAGCGGTGAAATGCGTAGAGATCTGGAGGAATACCGGTGGCGAAGGCGGCCCCCTGGACAAAGACTGACGCTCAGGTGCGAAAGCGTGGGGAGCA	Bacteria	Proteobacteria	Gammaproteobacteria	Enterobacterales	Hafniaceae	Hafnia
CAAGACACGAAGTGACCTACAGACCGTATTTTGGCAGCCGTCCAAGTTCGTCTTGGAATCAGGGGCAATATAGCACCAAGGTCGTATTGTGTGAACGGAATTATCTGTCCTCGTGGATGACACGACTGCATTGCGCCAATTACAGTAACCGTTCGATCGTTCCTCGAAAAATTCGCGATGCCGATCAGACCCCCG	Bacteria	NA	NA	NA	NA	NA
TGGGTTTCCTCTACACTGGTTTCTTCTCAAACTCGATTAGAGCGTGGAACGTAGCAGCGACGGCGAGTAACCGTGGCCAGTGACGGCGACGTGGAAAGTACGACGGAAGAACGTCGGCTGTGCCCCGCCCACTATTCCGTCCGTCCGTCCGTCCGTTCGTTGGTTCGTTCGTTCGTTCGTTCGTTCGTTCGTTCGTTCGTTCATTCATTCATTAACTTGTTTGCCCGACTGGCTAGCTTGCTCGTTTGCTTGCTCTCTCATTTAACCGCTGCTGCTCTCTTCCTACTCCTTTCTCTTATCCTCTCGTTTTCTTTCTCGCATACGTATTGTCTGGTTTCTCGCTTGCTCGCTCGC	Bacteria	NA	NA	NA	NA	NA
CTACGGAGGATGCGAGCGTTATCCGGATTTATTGGGTTTAAGGGGTGCGTAGGTGGTGATTTAAGTCAGCGGTGAAAGTTTGTGGCTCAACCATAAAATTGCCGTTGAAACTGGGTTACTTGAGTGTGTTTGAGGTAGGCGGAATGCGTGGTGTAGCGGTGAAATGCATAGACATCACGCAGAACTCCGATTGCGAAGGCAGCTTACTAAACCATAACTGACACTGAAGCACGAAAGCGTGGGGATCA	Bacteria	Bacteroidetes	Bacteroidia	Bacteroidales	Porphyromonadaceae	Parabacteroides
GGATCCGAGCGTTATCCGGAGTGACTGGGCGTAAGGAGTTGCGTAGGCGGTTTGTTAAGTGAATAGTGAAATCTGGTGGCTCAACCATACAGGCTATTATTCAAACTGGCAAACTCGAGAGTGGTAGAGGTCACTGGAATTTCTTGTGTAGGAGTGAAATCCGTAGATATAAGAAGGAACACCGATGGCGTAGGCAGGTGACTGGACCATTTCTGACGCTAAGGCACGAAAGCGTGGGGAGCG	Bacteria	Candidatus_Saccharibacteria	NA	NA	NA	NA
GGGAGACTGGAATTCCCGGTGTAACGGTGGAATGTGTAGATATCGGGAAGAACACCAATGGCGAAGGCAGGTCTCTGGGCCGTCACTGACGCTGAGGAGCGAAAGCGTGGGGAGCG	Bacteria	Actinobacteria	Actinobacteria	Bifidobacteriales	Bifidobacteriaceae	Bifidobacterium
ATACGGAGGATCCGAGCGTTATCCGGATTTATTGGGTTTAAAGGGAGCGTAGATGGATGTTTAAGTCAGTTGTGAAAGTTTGCGGCTCAACCGTAAAATTGCAGTTGATACTGGATATCTTGAGTGCAGTTGAGGCAGGCGGAATTCGTGGTGTAGCGGTGAAATGCTTAGATATCACGAAGAACTCCGATTGCGAAGGCAGCCTGCTAAGCTGCAACTGACATTGAGGCTCGAAAGTGTGGGTATCA	Bacteria	Bacteroidetes	Bacteroidia	Bacteroidales	Bacteroidaceae	Phocaeicola
ATACGTAGGTGGCGAGCGTTATCCGGAATTATTGGGCGTAAAGGGTGCGTAGGCGGCCTGTTAAGTAAGTGGTTAAATTGTTGGGCTCAACCCAATCCAGCCACTTAAACTGGCAGGCTAGAGTATTGGAGAGGCAAGTGGAATTCCATGTGTAGCGGTAAAATGCGTAGATATATGGAGGAACACCAGTGGCGAAGGCGGCTTGCTAGCCAAAGACTGACGCTCATGCACGAAAGCGTGGGGAGCA	Bacteria	Firmicutes	Erysipelotrichia	Erysipelotrichales	Erysipelotrichaceae	Solobacterium
ATACAGAGGGTGCAAGCGTTAATCGGAATTACTGGGCGTAAAGCGCGCGTAGGTGGTTTGTTAAGTTGAATGTGAAATCCCCGGGCTCAACCTGGGAACTGCATCCAAAACTGGCAAGCTAGAGTATGGTAGAGGGTAGTGGAATTTCCTGTGTAGCGGTGAAATGCGTAGATATAGGAAGGAACACCAGTGGCGAAGGCGACTACCCGGACTGATACTGACACTGAGGTGCGAAAGCGTGGGGAGCA	Bacteria	Proteobacteria	Gammaproteobacteria	Pseudomonadales	Pseudomonadaceae	Pseudomonas
ATACGGAGGGTGCAAGCGTTAATCGGAATTACTGGGCGTAAAGCGCACGCAGGCGGTTTGTTAAGTCAGATGTGAAATCCCCGAGCTTAACTTGGGAACTGCATTTGAAACTGGCAAGCTAGAGTCTTGTAGAGGGGGGTAGAATTCCAGGTGTAGCGGTGAAATGCGTAGAGATCTGGAGGAATACCGGTGGCGAAGGCGGCCCCCTGGACAAAGACTGACGCTCAGGTGCGAAAGCGTGGGGAGCA	Bacteria	Proteobacteria	Gammaproteobacteria	Enterobacterales	Yersiniaceae	NA
TGGGTTTCCTCTACACTGGTTTCTTCTCAAACTCGATTAGAGCGTGGAACGTAGCAGCGACGGCGAGTAACCGTGGCCAGTGACGGCGACGTGGAAAGTACGACGGAAGAACGTCGGCTGTGCCCCGCCCACTATTCCGTCCGTCCGTCCGTCCGTTCGTTGGTTCGTTCGTTCGTTCGTTCGTTCGTTCGTTCGTTCATTCATTCATTAACTTGTTTGCCCGACTGGCTAGCTTGCTCGTTTGCTTGCTCTCTCATTTAACCGCTGCTGCTCTCTTCCTACTCCTTTCTCTTATCCTCTCGTTTTCTTTCTCGCATACGTATTGTCTGGTTTCTCGCTTGCTCGCTCGC	Bacteria	NA	NA	NA	NA	NA
ATACGGAGGATCCGAGCGTTATCCGGATTTATTGGGTTTAAAGGGAGCGTAGGCGGATTGTTAAGTCAGTTGTGAAAGTTTGCGGCTCAACCGTAAAATTGCAGTTGATACTGGCAGTCTTGAGTGCAGTAGAGGTGGGCGGAATTCGTGGTGTAGCGGTGAAATGCTTAGATATCACGAAGAACTCCGATTGCGAAGGCAGCTCACTGGAGTGTAACTGACGCTGATGCTCGAAAGTGTGGGTATCA	Bacteria	Bacteroidetes	Bacteroidia	Bacteroidales	Bacteroidaceae	Bacteroides
TGATCCGTCGGACGAATACTCGAGGGGTGGAGCTCTGCTGGTTGTAGGGTTGTTTCAGCCCTTCCACGAACAGCAGCCATCCGATTGGTCGAGTGAGGGAAAACATGGCCGTCGGGTGCACGTACCGGAAACGTGACTGCCTCGCCACACGCTCGTTCTACCGCTTTTCTTTGACTTTCCTTCGTCGTTGCTCCTTGTTCGCGCAAGAACCGTATCTTTAGGCTACACCGACGCGAAACTGGCCGACTGAGCAAACCCTTAACTCATCCTCCTTTCGGGTTTTTTGCGAAATTTATTACGGCGATATATTC	NA	NA	NA	NA	NA	NA
TTCCATTCGCTCGCCCTTTCTTCCCTCTAAACTCAGACCCCAAACCGCCGTTCGTTGGCCTTCTTCCTCTTCCTGTGTTTGGCCCACTTTTCTCCGTCGCGTGGCGGTCGCTCGAGACACGCTCGGATTTTTACGCAGCAAACGATCACCCCGCTGTCTAGTAATCATCGTCAGATAGTCTCGTAATCATCATCCTCGCGTGCCCTCCCTCGGGAAGGAACAAGGCAGGGGATCCAAACACGTGAAATTCATAGTCACGATTATAACCTTTTGTCTGGTTGGAC	NA	NA	NA	NA	NA	NA
AATTATTGGGCGTAAAGCGCGCGCAGGCGGCTTCTTAAGTCCATCTTAAAAGTGCGGGGCTTAACCCCGTGATGGGATGGAAACTGGGAGGCTGGAGTATCGGAGAGGAAAGTGGAATTCCTAGTGTAGCGGTGAAATGCGTAGAGATTAGGAAGAACACCGGTGGCGAAGGCGACTTTCTGGACGACAACTGACGCTGAGGCGCGAAAGCGTGGGGAGCA	Bacteria	Firmicutes	Negativicutes	Veillonellales	Veillonellaceae	Dialister
CTTCCGCCGGTTTATAATTGAACGTCGAACTGTCACAAAGATCGCCGCGTCGTCTCTCCTTTCTCGCGTCCAACGACCGTGCCGCGTCCGAGAATGAGAAACCTTGCACGAGACGCGTCGTATATCGCGCGTACACGAGGTTTTACCGGGCGATTACGCCATACCTTCCCACCTATTCGGCGAGGTGAGGTAACTGGATCCGTCTCCCTTCCAGGCTGTCGCTTCGCGTCACATTTCCCTGGACGCGTTAACCCGCGTGATT	Bacteria	NA	NA	NA	NA	NA
CCGGCAGCTCTAGTGGTAGCAGTTTTTATTGGGCCTAAAGCGTCCGTAGCCGGTTTAATAAGTCTCTGGTGAAATCTTGCAGCTTAACTGTGGGAATTGCTGGAGATACTATTAGACTTGAGATCGGGAGAGGTTAGAGGTACTCCCAGGGTAGAGGTGAAATTCTGTAATCCTGGGAGGACCGCCTGTTGCGAAGGCGTCTGACTGGAACGATTCTGACGGTGAGGGACGAAAGCTAGGGGCGCG	Archaea	Euryarchaeota	Methanobacteria	Methanobacteriales	Methanobacteriaceae	Methanobrevibacter
TTAATCGCACGCAATGCTGACAGCGCCGTGCGCGAAATGCGACTGTAATCTCACGCGCGTGATCACTCGACGGACAGGCCGATTATTCATTATATGGCCGTGAGCTGTTTCAACGTGACGATGTTCTGCACGCAATTACTTCTCCGAGCCTCGATAAATATTTTGTTCGGGCGAAATTAAGGTTTCGGTATGCCGCGATGCTGCGCGTTACCAGGCTCGGTTAAAGTGCCGTAGTAAATTGCGCTCGAGT	Bacteria	NA	NA	NA	NA	NA
ATACAGAGGGTGCAAGCGTTAATCGGAATTACTGGGCGTAAAGCGCGCGTAGGTGGTTTGTTAAGTTGAATGTGAAATCCCCGGGCTCAACCTGGGAACTGCATCCAAAACTGGCAAGCTAGAGTATGGTAGAGGGTAGTGGAATTTCCTGTGTAGCGGTGAAATGCGTAGATATAGGAAGGAACACCAGTGGCGAAGGCGACTACCTGGACTGATACTGACACTGAGGTGTGAAAGCGTGGGGAGCA	Bacteria	Proteobacteria	Gammaproteobacteria	Pseudomonadales	Pseudomonadaceae	Pseudomonas
ATACGGAGGATCCGAGCGTTATCCGGATTTACTGGGTGTAAAGGGAGCGTAGGCGGCAGCGCAAGTCAGAAGTGAAAGCCCGGGGCTCAACTCCGGGATTGCTTTTGAAACTGTGTAGCTAGATTGCAGGAGAGGTAAGTGGAATTCCTAGTGTAGCGGTGAAATGCGTAGATATTAGGAGGAACACCAGTGGCGAAGGCGGCTTACTGGACTGTAAATGACGCTGAGGCTCGAAAGCGTGGGGAGCA	Bacteria	Firmicutes	Clostridia	Clostridiales	Lachnospiraceae	NA
AGGGTGCAAGCGTTAATCGGAATCACTGGGCGTAAAGCGCACGTAGGCGGCTTGGTAAGTCAGGGGTGAAATCCCACAGCCCAACTGTGGAACTGCCTTTGATACTGTCAGGCTTGAGTACCGGAGAGGGTGGCGGAATTCCAGGTGTAGGAGTGAAATCCGTAGATATCTGGAGGAACACCGGTGGCGAAGGCGGCCACCTGGACGGTAACTGACGCTGAGGTGCGAAAGCGTGGGTAGCA	Bacteria	Proteobacteria	Deltaproteobacteria	Desulfovibrionales	Desulfovibrionaceae	Bilophila
AACGAAGAGATTCCTGTTGATCCCGCTAATCTACGGTGAAAAGTAGCTGTTGCCGGCGACCTGTTTCTCGTCTGGCTGGAGCATTGTGCTCCAGAGGCTGGTCCGGGTCAGCTCCTCCTCGAGTGTTTACGCAATAGACGCTTTTGTCCATCGAACGATGAGAATCATTGTCCGTCCATCTGTCTGTCCGTCTGT	Bacteria	NA	NA	NA	NA	NA
ATACGGAGGATCCGAGCGTTATCCGGATTTATTGGGTTTAAAGGGAGCGTAGATGGATGTTTAAGTCAGTTGTGAAAGTTTGCGGCTCAACCGTAAAATTGCAGCTGATACTGGATATCCTGAGTGCAGTTGGGGCAGGCGGAATTCGTGGTGTAGCGGTGAAATGCTTAGATATCACGAAGAACTCCGATTGCGAAGGCAGCCTGCTAAGCTGCAACTGACATTGAGGCTCGAAAGTGTGGGTATCA	Bacteria	Bacteroidetes	Bacteroidia	Bacteroidales	Bacteroidaceae	Phocaeicola
GGATGGACGTTTCACCTGCGTGCGTTTACGCGGGTCACGGGTGAAATTAGTCCGATACCTTTCCTCCGAGCGGCGAACGATGGACCTGGATGTTCCAGGGTGATCCAATGCGCCGTTAAAAGCAGGATGATGCCTGGGTTAGTTTAATGCTTCGAGAGTGGGATTCGCGGATGAAGAAGCAATCGCGCAGATTGTTGGACGCGTTTATGAGAGATCTGAGAGTATGGAACGCACGTGCGTGGTGGTTGTAACGCGTTTAAATGGTGGGGAAAAAAATTCCATTTACCACTG	Bacteria	NA	NA	NA	NA	NA
ATACAGAGGGTGCGAGCGTTAATCGGATTTACTGGGCGTAAAGCGTGCGTAGGCGGCTTTTTAAGTCGGATGTGAAATCCCCGAGCTTAACTTGGGAATTGCATTCGATACTGGGAAGCTAGAGTATGGGAGAGGATGGTAGAATTCCAGGTGTAGCGGTGAAATGCGTAGAGATCTGGAGGAATACCGATGGCGAAGGCAGCCATCTGGCCTAATACTGACGCTGAGGTACGAAAGCATGGGGAGCA	Bacteria	Proteobacteria	Gammaproteobacteria	Pseudomonadales	Moraxellaceae	Acinetobacter
ATACGTAGGTGGCAAGTGTTGTCCGGAATTATTGGGCGTAAAGCGCGCGCAGGCGGCTTCTTAAGTCCATCTTAAAAGTGCGGGGCTTAACCCCGTGATGGGATGGAAACTGGGAGGCTGGAGTATCGGAGAGGAAAGTGGAATTCCTAGTGTAGCGGTGAAATGCGTAGAGATTAGGAAGAACACCGGTGGCGAAGGCGACTTTCTGGACGACAACTGACGCTGAGGCGCGAAAGCGTGGGGAGCA	Bacteria	Firmicutes	Negativicutes	Veillonellales	Veillonellaceae	Dialister
TCCATTGAATGAAACAGCATTTTTCAGCGATCTAACACGTTTAACACATTGTCGGTCGCTGTCACATACTTTTTTTCGCCAGCGGTTATCGGACGGCGTCGCGAAAATGTGACTTTACGCCGCTAGTTTCGCACAAAAATTTCAGGCCTCGAATTCGAATTCGTTCATATTCTAACACATGCTTCCTAAATCTTATTTCGTTGCTTGCAAGATGCTATTTATTTGGCTTATGGCATGGCAAGTGTTAT	NA	NA	NA	NA	NA	NA
GGGTGCAAGCGTTATCCGGAATTATTGGGCGTAAAGGGCTCGTAGGCGGTTCGTCGCGTCCGGTGTGAAAGTCCATCGCTTAACGGCGGATCCGCGCCGGGTACGGGCGGGCTTGAGTGCGGTAGGGGAGACTGGAATTCCCGGTGTAACGGTGGAATGTGTAGATATCGGGAAGAACACCAATGGCGAAGGCAGGTCTCTGGGCCGTTACTGACGCTGAGGAGCGAAAGCGTGGGGAGCG	Bacteria	Actinobacteria	Actinobacteria	Bifidobacteriales	Bifidobacteriaceae	Bifidobacterium
GAGAAACGCACGGTTTTAAGGGCAATGCACACAGAAAGTGTATCATACATGGTGTTCTACTCATGTGACAGAGATTCATTATGAAATTCGAGTAATTCTGTTCTTCGTAAATAGAAGTTTGCGTTCGTCAACTAGAATTTCATTGACAAACTTGTCAATTAGACAGACGTGTTCCTCGATAAGCAAAGTTCTACTACATTGAAAAAAAATGTCAGAACATATCCAATTAAACGTCGATTGAATTTACCCGTTTTAATCCAAGTGTAAAAAATCGGCGGAGGATCGATGAACTCCAATTATTTAACCTCTCTCGTTC	NA	NA	NA	NA	NA	NA
ATCCGAGCGTTATCCGGATTTATTGGGTTTAAAGGGTGCGTAGGCGGCCTTTTAAGTCAGCGGTGAAAGTCTGTGGCTCAACCATAGAATTGCCGTTGAAACTGGGGGGCTTGAGTATGTTTGAGGCAGGCGGAATGCGTGGTGTAGCGGTGAAATGCATAGATATCACGCAGAACCCCGATTGCGAAGGCAGCCTGCCAAGCCATTACTGACGCTGATGCACGAAAGCGTGGGGATCA	Bacteria	Bacteroidetes	Bacteroidia	Bacteroidales	Porphyromonadaceae	Parabacteroides
GGTGGCGAGCGTTATCCGGAATCATTGGGCGTAAAGGGTGCGCAGGTGGTACATTAAGTCCGAAGTAAAAGGCAGCAGCTCAACTGCTGTTGGCTTTGGAAACTGGTGAACTGGAGTGCAGGAGAGGGCGATGGAATTCCATGTGTAGCGGTAAAATGCGTAGATATATGGAGGAACACCAGTGGCGAAGGCGGTCGCCTGGCCTGCAACTGACACTGAGGCACGAAAGCGTGGGGAGCA	Bacteria	Firmicutes	Erysipelotrichia	Erysipelotrichales	Erysipelotrichaceae	Amedibacterium
AGACGGGGGGGGCAAGTGTTCTTCGGAATGACTGGGCGTAAAGGGCACGTAGGCGGTGAATCGGGTTGAAAGTGAAAGTCGCCAAAAACTGGCGGAATGCTCTCGAAACCAATTCACTTGAGTGAGACAGAGGAGAGTGGAATTTCGTGTGTAGGGGTGAAATCCGGAGATCTACGAAGGAACGCCAAAAGCGAAGGCAGCTCTCTGGGTCCCTACCGACGCTGGGGTGCGAAAGCATGGGGAGCG	Eukaryota	Plantae	Liliopsida	Poales	Poaceae	Zea
GGTGCCAAGCGTTAGGCGGAATCACTGGGCTTAAAGCGTGTGTAGGCGGATTTTTAAGTGCCTTGTGAAATCCCACGGCTCAACCGTGGAACTGCTCGGTATACTGGGAATCTTGAGCCACTTAGGGGTCGTCGGAACAAACGGTGGAGCGGTGAAATGCGTAGATATCGTTTGGAACGCCAATGGTGAAAACAGACGACTGGGAGTGTGCTGACGCTGAGACACGAAAGCCAGGGGAGCG	Bacteria	candidate_division_WPS-1	NA	NA	NA	NA
TGGAGCAAGCGTTATCCGGATTTACTGGGTGTAAAGGGTGCGTAGGTGGCAGTGCAAGTCAGATGTGAAAGGCCGGGGCTCAACCCCGGAGCTGCATTTGAAACTGCTCGGCTAGAGTACAGGAGAGGCAGGCGGAATTCCTAGTGTAGCGGTGAAATGCGTAGATATTAGGAGGAACACCAGTGGCGAAGGCGGCCTGCTGGACTGTTACTGACACTGAGGCACGAAAGCGTGGGGAGCA	Bacteria	Firmicutes	Clostridia	Clostridiales	Lachnospiraceae	Anaerobutyricum
GCAAAACAGAAGGCTCAGCAGAATGCGCCTTCGCGTGAACAGGAACCACGGAAGCAGCAGTCCGTGCCAAAAGGGAAGCGCAAGGGAGAGGGCATATCAGTTAAACCCCCTAGATGAGCGGCTGTCTCCCTCACAGTTGCCCCAGGAAGTGTCAAACGGTGCGAATACGCGCTGGCCACAGCCTGAGTCAAGATACGCCTCCAAAGTATAGGAGTATCTGATGTGAGGATAAGGTACACAGTAGCAGGAGGGA	NA	NA	NA	NA	NA	NA
TGATCCGTCGGACGAATACTCGAGGGGTGGAGCTCTGCTGGTTGTAGGGTTGTTTCAGCCCTTCCACGAACAGCAGCCAGCCGATTGGTTGAGTGAGGGAAAACATGGCCGTCGGGTGCACGTACCGGAAACGTGACTGCCTCGCCACACGCTCGTTCTACCGCTTTTCTTTGACTTTCCTTCGTCGTTGCTCCTTGTTCGCGCAAGAACCGTATCTTTAGGCTACACCGACGCAAAACTGGCCGACTGAGCAAACCCTTAACTCATCCTCCTTTCGGGTTTTTTGCGAAATTTATTACGGCGATATATTC	NA	NA	NA	NA	NA	NA
ATGGCAATAAGCGTGTAATACTCGGGCCTCGCGACTCATTGCTGGCATTATCATTAAGGCTGGCGACAGCTTTCAGCCAGCGAGGTTAGGGGAAGAACAGATAATATTAATCCGACTGTTGGTGACGTTTTATTGCACTTGTATTTCGTTTTAAGCGCCACGTCGTCTGCGCTCGCGTGCAACAGCACTAAAACTACCAAAATGGTCAAGATTACTAATTTATAACTTTCTATGGCAATTTTACATATTTATAACAG	Bacteria	NA	NA	NA	NA	NA
ATACGAGAGGCCAGGCCCGGTCCCGCCGGTTTCTCGAAGGGACCTGTAACCTCGAGGCTATTAGGGCGGTCCAAGTATTTGAACCTCACACCTCGATCTCGTGGCCGAGAGGCACCTGCTCTTTTGGGACTGGGCGGTCCGTAATTACCTACCCTATGTTTCGCCCACCGGTCCGTGCGTAGATGTAATCAAAACGAATGATTTGAAAACTCAATTACCCTCATTACGTCTATTAAAGTGTCTATCCTGCACGGTCGGG	Bacteria	NA	NA	NA	NA	NA
ACGACAAAGCGGCGACAATGCCAGGCAGGAAGACGACGAGAGAGGACCGGGGGCACCCCCGTGACATAGCACAAAGCGGCGCACGATGTGTGTTCGTTGTACAGGCGCGTTTGTACAAATGCAAAGGCGGGCAGGCGAACACGTGAAATCGATTTCAAGCAAATAATCGGATACTCGGTTCAGGGGCGGCTACGAGACTACGTTTTGCATCTATGTATGTCGCTTGCCTGTATCTCTCTATATGTATACACGTT	Bacteria	NA	NA	NA	NA	NA
CCTCCATCGGCAAGGGACATGCTCCCCTCCGTTCGGTGAAGAAACACTTCGCTAAGCTCCACCCGTCCAGGCAGTCAACGTTGAGGATGACAGCGACGACGACGCCAACAACGACAGCACCAACGACA	Bacteria	NA	NA	NA	NA	NA
ATACGTAGGGAGCGAGCGTTGTCCGGATTTACTGGGTGTAAAGGGTGCGTAGGCGGCGAGGCAAGTCAGGCGTGAAATCTATGGGCTTAACCCATAAACTGCGCTTGAAACTGTCTTGCTTGAGTGAAGTAGAGGTAGGCGGAATTCCCGGTGTAGCGGTGAAATGCGTAGAGATCGGGAGGAACACCAGTGGCGAAGGCGGCCTACTGGGCTTTAACTGACGCTGAAGCACGAAAGCATGGGTAGCA	Bacteria	Firmicutes	Clostridia	Clostridiales	Ruminococcaceae	Clostridium_IV
GTAAAACAGGAGGCCCAGCAGAAGGCGCCTCCGCGCGAACAGCAACCGCGGAAACAGCTATCCGTGCCAAAAGGGAAGCGCAAGGGAGTGGGCGTATCGGTAAAGCCCCTTAGAAGAGCGGCTGTCGCCCTCACAGTCGCCCCGGGAAGTGGCAAACGGTGCGAAGACGCACTGGCCACTGCCAAAGGCAAGATACGCCTCCAAGAAATAGGAATATCTGAT	Bacteria	NA	NA	NA	NA	NA
ATACGTATGGTGCAAGCGTTATCCGGATTTACTGGGTGTAAAGGGAGCGTAGACGGATAGGCAAGTCTGGAGTGAAAACCCAGGGCTCAACCCTGGGACTGCTTTGGAAACTGCAGATCTGGAGTGCCGGAGAGGCAAGCGGAATTCCTAGTGTAGCGGTGAAATGCGTAGATATTAGGAGGAACACCAGTGGCGAAGGCGGCTTACTGGACGGTGACTGACGTTGAGGCTCGAAAGCGTGGGGAGCA	Bacteria	Firmicutes	Clostridia	Clostridiales	Lachnospiraceae	Sellimonas
ATCTTTAACCCCTCGGATTACACCGGCGCTCGTTCATTTATTCGATATCATCGAGTACGAGCGAATCGCTAAAGTGGTGTGTTTGCTCGATGATTAGCGGAGATAAAAATGGTTGACGTGAGGCGTGTTTCATCATTGTTGAATGATGTCATCAGAGCTGTACAATCTCTCGTCAGTTATCTAAACGACGTGTTTATCGGCTGT	NA	NA	NA	NA	NA	NA
ATACGGAGGATGCGAGCGTTATCCGGATTTATTGGGTTTAAAGGGAGCGCAGGCTGCGAGGCAAGTCAGCGGTCAAATGTCGGGGCTCAACCCCGGCCTGCCGTTGAAACTGTCTTGCTAGAGTTCGAGTGAGGTATGCGGAGTGCGTTGTGTAGCGGTGAAATGCATAGATATGACGCAGAACTCCGATTGCGAAGGCAGCATACCAACTCGCGACTGACGCTGAGGCTCGAAAGCGTGGGTATCG	Bacteria	Bacteroidetes	Bacteroidia	Bacteroidales	Muribaculaceae	Muribaculum
CAACGGCACATAAATGTCAAGGGATCCTGACATAGTTTTTAGGTTCGTTAAAGTGACTGGTTATCGGGTGGAGAGCTGTTATATACCTTCGTCGATTACATTTGCCAGCGAGCGGCGTTTTCTGCGCGACATACGCGAGAACATGGTTTCGGCAAACTATCGTTGATAGTACAGTGACTTGGCATATGACTGTTGGCGA	Bacteria	NA	NA	NA	NA	NA
CCTTCATCGGCAAGGGACATGCTCCGCTCCGTTCGGTGAAGGAGCACTTCGCCAAGCTTCACCCGACCAGGCAGTCGACGGTGCTGTTGGCAGCGACGAAGGCGTCGCTTGTCACGAGAACTGACACCGCGGTGACAGCGACGACGACGCTAACAACGACAGCATCAACGACA	Bacteria	NA	NA	NA	NA	NA
CGATCGCGCTTCAACGTTGCCCGTCCGATTAAATTAAACCTAGACTTTTGTCTTCCCTTTTTCCTTTCGCTTTGTTCTTCTTCGTGCTCCTTCTTCTCTTATTCTTCTTTACATCTGCGCCTTTTACACCCACTTTTCCACTCTCACGAATGTACTTTTACGTCCACACCATGC	Bacteria	NA	NA	NA	NA	NA
GCCGATTTTACCGCTTATCGCGGAGGATGTGTCGTGACGAGTTTCGCACGGTGCCACGTTAGGACACCGTGGCTCGTAAATTTCACCCGAGGTCCCGGATAGTTCTGTTTCTTCTATGGTAGCAGCGGCCACCGATCGATAAGTCTAATAACGAACCAGCGTAAAAAGAAAAATAAACCGCGAGTGAGAGATGCGCTTAAAGTTTCCCCTCCGCTTTATCTTCCGCTGCTTTAACAGCT	Bacteria	NA	NA	NA	NA	NA
GGATCCGAGCGTTATCCGGATTTATTGGGTTTAACGGGTGCGTAGGCGGCCTTTTAAGTCAGCGGTGAAAGTCTGTGGCTCAACCATAGAATTGCCGTTGAAACTGGGGGGCTTGAGTATGTTTGAGGCAGGCGGAATGCGTGGTGTAGCGGTGAAATGCTTAGATATCACGCAGAACCCCGATTGCGAAGGCAGCCTGCCAAGCCATGACTGACGCTGATGCACGAAAGCGTGGGGATCA	Bacteria	Bacteroidetes	Bacteroidia	Bacteroidales	Porphyromonadaceae	Parabacteroides
GGGGCGAGCGTTATCCGGATTCATTGGGCGTAAAGCGCGCGTAGGCGGCCGCCTAAGCGGAACCTCTAATCCCGGGGCTCAACCTCGGGCCGGGTTCCGGACTGGGCGGCTCGAGTGCGGTAGAGGCAGGCGGAATTCCCGGTGTAGCGGTGGAATGCGCAGATATCGGGAAGAACACCGATGGCGAAGGCAGCCTGCTGGGCCGCCACTGACGCTGAGGCGCGAAAGCTGGGGGAGCG	Bacteria	Actinobacteria	Coriobacteriia	Eggerthellales	Eggerthellaceae	Adlercreutzia
TTGGACGCGTTTGCAGCCACGTGCGAGGACAACCGAATAGCGAGGAGGTGGAGGAGGCGGAGAAGAAGCCGGTGGTGGCGGAGGTGGTGGTGGTGATCGAGGAAGGAGCGAGCTGCTCCGGATCCTCAATCGTGCAAACATGAGACGTTGGACTCTCATGGCGGCTATAGCCCTGGCTGCATCGGGTGAGTTGTCGTCTGCCCACGCTCTAACCAACCGATCTATCT	Bacteria	NA	NA	NA	NA	NA
TTGGAGCTCTGCCACGTCGGGAGCACCCTCTTGCTCGAGAGCTCTACTGCGATCACCGATACCACACTACAGAACGTCCGCGGTTGGTACTCGTAGGGGTTTGGAGGAGGCTACAGAGAGGCACGGCCCTCGAGGAGAAAACAGGTGGAACGAGCCTGGAGCTGCGAGCTCGCTGGAAGAGCGTAAATATTGATAATCCCTTCGACTATACCTAACTACCCTCTTCTCCGTCTTCT	NA	NA	NA	NA	NA	NA
ACCGTCAAGTTGAACTCCAACATTTGAAGCAGATCCACTGAAACAAAGGGGAAAGAAGTATATTTCACGTGAAAAATAGTCGAAGCTGTTCGTGCGAGCAGCTAGCTGTTCGACTCGTTGGTCGAATCATTTTCTAAGCCTACGGCGGGGAGGGAAGAAAGGTGGGAGGGGAAAACAGAAGGACAAAAGCATTTAAAGAATTCATAAAAAATGTACTTTATATTCCGTGAAGTAAATGCATGGCAACGCGATATTGTATCGCGAGATCGTTATGCTCGACGACGAACGGTTCGAATTTA	Bacteria	NA	NA	NA	NA	NA
GCCGGGCTTTCTATTTGAATCGACTCGCACCTATCTTTCCGCGCTCAGATGTTGCACGAACGGTTCTCTATCGATCGCGGTAATTACTTATGTAAGCCTGGAAACTGGCTGTTTCCGTAAGTCTTCCCGCGCGGTGACAACCCACGACGACGCGATCGTTAACGCGCGACACAGCGTTCGCGACACACAATCGGCGATTTTAATTATACCAGGTGCGCGAGATTTCAATCTTTCTTTCTGTTTTTTTTTC	Bacteria	NA	NA	NA	NA	NA
CGTGTGGAATTGAATGGGGAATATTGCAAAGATTTACGTTCGATAGAGGTCGAAATACTCCTCTCCTTCTCCTCTTTCTTTCCATCTTCGTCACTCTCAGCGGACAGAGGAATTTCGCACGCGATCGCGAGACAAACGGAGAAGTTAGGGGAAGAAAATGGACGTGGATCCGTGCTGCAGCTTCGTGGGGATAGTTAATTATCTTTACGCGAGGAGCCTGCGCCGGAAACGAAGACAGTCAACGTCCACGTCAACCAACATTCCGCGATCCTGGGTATCAGAGGAGCAGCCCAA	Bacteria	NA	NA	NA	NA	NA
GGTGGCAAGCGTTGTCCGGAATTATTGGGCGTAAAGCGCGCGCAGGCGGCTTCTTAAGTCCATCTTAAAAGTGCGGGGCTTAACCCCGTGATGGGATGGAAACTGGGAGGCTGGAGTATCGGAGAGGAAAGTGGAATTCCTAGTGTAGCGGTGAAATGCGTAGAGATTAGGAAGAACACCGGTGGCGAAGGCGACTTTCTGGACGACAACTGACGCTGAGGCGCGAAAGCGTGGGGAGCA	Bacteria	Firmicutes	Negativicutes	Veillonellales	Veillonellaceae	Dialister
AGTAGGTGGACAAGCAGGAGGACAACACGGATCACAGGGTTGAGTAGACCCTGGAGGGCAACAGGAGCAGCTAGGCGGTGGGCATATCTCGACGTCGCACGCTGCACGACACGGTGGATGGCACGGTTGGCAGGGTTGAAGGCAAACGGGTTTGTAGTCCATCTCGCAAACGTATTGCATCTCAAAGGGCAGATCGTTTCGCACAGTGAGGCACTTT	NA	NA	NA	NA	NA	NA
ATACGTAGGGGGCGAGCGTTATCCGGATTCATTGGGCGTAAAGCGCGCGTAGGCGGCCGCCTAAGCGGAACCTCTAATCCCGGGGCTCAACCTCGGGCCGGGTTCCGGACTGGGCGGCTCGAGTGCGGTAGAGGCAGGCGGAATTCCCGGTGTAGCGGTGGAATGCGCAGATATCGGGAAGAACACCGATGGCGAAGGCAGCCTGCTGGGCCGCCACTGACGCTGAGGCGCGAAAGCTGGGGGAGCG	Bacteria	Actinobacteria	Coriobacteriia	Eggerthellales	Eggerthellaceae	Adlercreutzia
ATACGTAGGTGGCAAGCGTTATCCGGAATTACTGGGTGTAAAGGGAGCGCAGGCGGGATAGCAAGTCAGCTGTGAAAACTATGGGCTCAACCCATAAACTGCAGTTGAAACTGTTATTCTTGAGTGGAGTAGAGGCAAGCGGAATTCCGAGTGTAGCGGTGAAATGCGTAGATATTCGGAGGAACACCAGTGGCGAAGGCGGCTTGCTGGGCTCTAACTGACGCTGAGGCTCGAAAGTGTGGGGAGCA	Bacteria	Firmicutes	Clostridia	Clostridiales	Ruminococcaceae	NA
GGGGGCAAGCGTTATCCGGATTTACTGGGTGTAAAGGGAGCGCAGACGGCGATGCAAGTCTGGAGTGAAAGCCCGGGGCTCAACCCCGGGACTGCTTTGGAAACTGTATGGCTAGAGTGCTGGAGAGGCAAGCGGAATTCCTAGTGTAGCGGTGAAATGCGTAGATATTAGGAAGAACACCAGTGGCGAAGGCGGCTTGCTGGACAGTAACTGACGTTCAGGCTCGAAAGCGTGGGGAGCA	Bacteria	Firmicutes	Clostridia	Clostridiales	Lachnospiraceae	NA
GGGTGCAAGCGTTATCCGGAATTATTGGGCGTAAAGGGCTCGTAGGCGGTTCGTCGCGTCCGGTGTGAAAGTCCATCGCTTAACGGTGGATCCGCGCCGGGTACGGGCGGGCTTGAGTGCGGTAGGGGAGACTGGAATTCCCGGTGTAACGGTGGAATGTGTAGATATCGGGAAGAACACCAATGGCGAAGGCAGATCTCTGGGCCGTCACTGACGCTGAGGAGCGAAAGCGTGGGGAGCG	Bacteria	Actinobacteria	Actinobacteria	Bifidobacteriales	Bifidobacteriaceae	Bifidobacterium
ATTGCCAAATCGCGTTCAGCTTCTTCACTTGAAATTTTACATCGACCAACGTTACACATCACCTTCTCGCATCCTCCTCTTTATTCAAAAATCAACCCTCTGCACGAAGACTTTTTTTCTGCTAGAAATCCTACTTCATCGAGTTACTTCGTCAATCCTTTTGGTATTTTAAAAAATTCAGTTTTCGATCGCAAAAGTAAGGAATCTTCTATGAAATTTTGGTAGC	Bacteria	NA	NA	NA	NA	NA
CGTAGGTGGCAAGCGTTGTCCGGATTTATTGGGCGTAAAGCGAGCGCAGGCGGTTTCTTAAGTCTGATGTGAAAGCCCCCGGCTCAACCGGGGAGGGTCATTGGAAACTGGGAGACTTGAGTGCAGAAGAGGAGAGTGGAATTCCATGTGTAGCGGTGAAATGCGTAGATATATGGAGGAACACCAGTGGCGAAGGCGGCTCTCTGGTCTGTAACTGACGCTGAGGCTCGAAAGCGTGGGGAGCA	Bacteria	Firmicutes	Bacilli	Lactobacillales	Enterococcaceae	Enterococcus
CTTTTTCTTCTCTGTTAGAAGCTGCTCGTATTTTTCTGGAAATTTCAACGAGAAACGCACGGCAGTTTCTCGACATCCTGTATTTTTTTCCCCTGCTGCTTTCTCGTCGAGAGTGCTGCACCCCGCCCCGCGGCACTCTCCGCCCGGCGCTCTCTGCCCGCGCGACGCTCTCCTGTCCGCTCTCGGCGCGCCGAGCGAA	NA	NA	NA	NA	NA	NA
GGATCCGAGCGTTATCCGGATTTATTGGGTTTAAAGGGTGCGTAGGCGGTTTGATAAGTTAGAGGTGAAAGCTCGATGCTCAACATCGAAATTGCCTCTGATACTGTCAGACTAGAGTGTAGTTGCGGAAGGCGGAATGTGTGGTGTAGCGGTGAAATGCTTAGATATCACACAGAACACCGATTGCGAAGGCAGCTTTCCAAGCTATTACTGACGCTGAGGCACGAAAGCGTGGGTAGCG	Bacteria	Bacteroidetes	Bacteroidia	Bacteroidales	Rikenellaceae	Alistipes
ATACGTAGGATCCGAGCGTTATCCGGAGTGACTGGGCGTAAAGAGTTGCGTAGGCGGTTGTATAAGTGAATAGTGAAATCTGGTGGCTCAACCATACAGGCTATTGTTCAAACTGTACAACTCGAGAGTGGTAGAGGTCACTGGAATTTCTTGTGTAGGAGTGAAATCCGTAGATATAAGAAGGAACACCGATGGCGTAGGCAGGTGACTGGACCATTTCTGACGCTAAGGCACGAAAGCGTGGGGAGCG	Bacteria	Candidatus_Saccharibacteria	NA	NA	NA	NA
CTTAATCAGGAGACTTTCGTCTCTACGTTTTAACGTGAATGCAAGTTCTCCCCCCCTCGGGGGAGGTCGGGGGAGTGGAAAGTTTCGATTCCTGCTGGCAGGACTTTCAGCGGCGTTTCACGCCGAACTTGCAATTACAGGTCTCTCTCTGCCCGGAGGAGCGGGAGGGGGGGATCGCGACGGAAACAATTTCGAGACGATTTCCCGTTTTTTCATCT	NA	NA	NA	NA	NA	NA
GGGAGCAAGCGTTGTCCGGATTTATTGGGTGTAAAGGGTGCGTAGACGGGAAGACAAGTTGGTTGTGAAAGCCCTCGGCTCAACTGAGGAACTGCAACCAAAACTATCATTCTTGAGTGCGGGAGAGGAAAGTGGAATTTCTAGTGTAGCGGTGAAATGCGTAGATATTAGGAGGAACACCAGTGGCGAAGGCGACTTTCCGGACCGTAACTGACGTTGAGGCACGAAAGTGTGGGGAGCA	Bacteria	Firmicutes	Clostridia	Clostridiales	NA	NA
CCTTCATTGGCAAGGGACATGCTCCGCTCCGTTCGGTGAAGGAGCACTTCGCTAAGTTTCACCCGACCAGGCAGTCGACGGTGCGGGTGGCAGCGACGAATGCGTCGCCTGTCACGAGAACTGACAGCGACGACAACGCTAACAACGACAGCACCAACGACA	NA	NA	NA	NA	NA	NA
CCCAGTCGTCCGTCAGTAACCGGCTGCATAATGCACGCGGTGCAGCTACTTTGCCGAACTGAAAAATGGAACAGCTCGAGACGGCTGGTGGAGCACATCGAAACGCGCAACCCTCCCTCCTCGAACACCACCATCCTCTCCATCACTTATTTAACGTCGTTTGCCTTCGCAGCCATCTAAACGCCCCGCGACCTTCTATTTTCCACTTCTTACTCGCCCGTCCGGTCTTTTCATCTTCCGGTTCGACCCCTCCCTCCACCCACACCCGCGTAAATCGATTTCCGCGCCGGCCGCCGAGAATAGCTTCTTCGTCGGCCGTA	Bacteria	NA	NA	NA	NA	NA
ATACGTAGGGGGCAAGCGTTATCCGGATTTACTGGGTGTAAAGGGAGTGTAGACGGCAAGGCAAGTCTGAAGTGAAAGCCCGGTGCTTAACGCCGGGACTGCTTTGGAAACTGTTTAGCTGGAGTGCCGGAGAGGTAAGCGGAATTCCTAGTGTAGCGGTGAAATGCGTAGATATTAGGAAGAACACCAGTGGCGAAGGCGGCTTACTGGACGGTAACTGACGTTGAGGCTCGAAAGCGTGGGGAGCA	Bacteria	Firmicutes	Clostridia	Clostridiales	Lachnospiraceae	Fusicatenibacter
GGTCACAAGCGTTGTCCGGAATTACCGGGTGTAAAGGGAGCGCAGGCGGGAAGACAAGTTGGAAGTGAAATCTATGGGCTCAACCCATAAACTGCTTTCAAAACTGTTTTTCTTGAGTAGTGCAGAGGTAGGCGGAATTCCCGGTGTAGCGGTGGAATGCGTAGATATCGGGAGGAACACCAGTGGCGAAGGCGGCCTACTGGGCACCAACTGACGCTGAGGCTCGAAAGTGTGGGTAGCA	Bacteria	Firmicutes	Clostridia	Clostridiales	Ruminococcaceae	Faecalibacterium
TGGGGCAAGCGTTATCCGGATTTACTGGGTGTAAAGGGAGCGTAGGCGGCATGGCAAGTCAGAAGTGAAAGCCTGGGGCTCAACCCCGGAATTGCTTTTGAAACTGTCAGGCTAGAGTGTCGGAGGGGTAAGCGGAATTCCTAGTGTAGCGGTGAAATGCGTAGATATTAGGAGGAACACCGGTGGCGAAGGCGGCTTACTGGACGATTACTGACGCTGAGGCTCGAAAGCGTGGGGAGCA	Bacteria	Firmicutes	Clostridia	Clostridiales	Lachnospiraceae	NA
TTGTCTTTGGACAAGCGCAGAATCCACCGGCGTTGTTGCGAATGCTGCGAGCCCCGGCATCCGTCCATTATAGCCTTTTTCCACCGTGTAAAATATCTACGCTATATTGCTTTTGAAGCTCGGATCGATCCGCGTTTCTTCTCCGTGGATCTTTAATCTTCGTCACCGATCACCGTACAGATTCTTCCAGCGTAGCTCGAAGCAGTTTGGTTCGGCAATCGATGCGTGAAAGTTACGGCGTCGCTAAATATTATAATTGAAGCCATTGTTGTATACAGGATTTTGAGAAGGGTGGAAAAATTTGTGTACTGAACAAAATTATTGCAATATTTAACGAAGAAAGTGAATTTCTACTCGAAC	NA	NA	NA	NA	NA	NA
GGGAGCGAGCGTTGTCCGGAATTACTGGGCGTAAAGGGTGCGTAGGCGGTCTGAAAAGTCGGATGTGAAATCCCCGTGCTTAACATGGGAGCTGCATTCGAAACTTTCGGACTTGAGTGTCGGAGAGGTAAGCGGAATTCCCGGTGTAGCGGTGAAATGCGTAGATATCGGGAGGAACACCATTGGCGAAGGCGGCTTACTGGACGACAACTGACGCTGAGGCACGAAAGCGTGGGGAGCA	Bacteria	Firmicutes	Clostridia	Clostridiales	NA	NA
TCGAAATGAGAGATTCGCCGGCAGGTGATCCAGGAGTTACACGATTCGGCAAGAGCTCCAGGAGTGGCATGACTGTGCAAGAGCTCCAGCAGTGACATGAATGAGCGAGAGCTCAAGAAGTGACATGTGTGACGAATAAAACCGCATCTCGTCCAACTGACTGAAATGGTAGAGTAGGTCACGTTGACGGTTATGATGCATCA	Bacteria	NA	NA	NA	NA	NA
CCTTCATTGGCAACGGACTTGCTCCGCTCCGTTCGGTGAAGGAGCACTTCGCCAAGCTCCACCCGAACAGGCAGTCGACGGTGCGGGTGGCAGCGACGACGGCGTCGCCTGTCACGAGAACTGGCACCGCGGTGACAGCGACGACGACGCCAACAACGACAGCAACAACAACA	Bacteria	NA	NA	NA	NA	NA
CTACGAGGCGGATCCAAATTTGACGCACACGTTCGCCTGGAACAAACGGAACGTTTACAAGCAGAAGGTGTACGGTATAGCACAGGCGAGGATCTCGATCGGCTATCAGCATTCCACTTGTCCAACGGTGATTTGGGAGACGCAGACAGCCACGCTGCAAGGCTTTGACGTCGATATTTCGGATATCGGGGG	Bacteria	NA	NA	NA	NA	NA
GTACCCGAGCGTTATCCGGATTTATTGGGTTTAAAGGGTGCGTAGGCGGATTGGTAAGTTAGAGGTGAAAGCTCAGCGCTTAACGTTGAAACTGCCTCTGATACTGTCGGTCTAGAGTATAGTTGCGGAAGGCGGAATGTGTGGTGTAGCGGTGAAATGCTTAGATATCACACAGAACACCGATTGCGAAGGCAGCTTTCCAAGCTATCACTGACGCTGAGGCACGAAAGCGTGGGGAGCG	Bacteria	Bacteroidetes	Bacteroidia	Bacteroidales	Rikenellaceae	Alistipes
GCAAAATAGGAGGCCCAGCAGAAGGCGTCTCCGCGCGAACAGCAACCACGAAAGCAGCAGTCCGTGACAAAAGGGAGGCGCAAGGGAGTGGGCATTTCAGTTAAGCCCCCTAGAATAGAGGCTGTCTCCCTCACAGTCGCCCCAGGAAGTGGCAAACGGTTCGAAGACGCACTGGCCAGAGGTAAGATACGCCTCCAAGATATAGGAGTATCGGATGTGAGGATAAGATACACAGTAGCAGGACGGT	Bacteria	NA	NA	NA	NA	NA
CGTGTGGAATTGAATGGCGAATATTGCAAAGATTTACGTTCGATAGAGGTCGAATACTCCTCTCCTTCTCCTCTTTCTTTCCATCTTCGTCACTCTCAGCGGACAGAGGAATTTCGCACGCGATCGCGAGACAAACGGAGAAGTTAGGGGAAGAAAATGGACGTGGATCCGTGCTGCAGCTTCGTGGGGATAGTTAATTATCTTTACGCGAGGAGCCTGCGCCGGAAACGAAGACAGTCAACGTCCACGTCAACCAACATTCCGCGATCCTGGGTATCAGAGGAGCAGCCCAA	Bacteria	NA	NA	NA	NA	NA
ATACGGAGGGTGCAAGCGTTAATCGGAATTACTGGGCGTAAAGCGCACGCAGGCGGTCTGTCAAGTCGGATGTGAAATCCCCGGGCTCAACCTGGGAACTGCATTCGAAACTGGCAGGCTAGAGTCTTGTAGAGGGGGGTAGAATTCCAGGTGTAGCGGTGAAATGCGTAGAGATCTGGAGGAATACCGGTGGCGAAGGCGGCCCCCTGGACAAAGACTGACGCTCAGGTGCGAAAGCGTGGGGAGCA	Bacteria	Proteobacteria	Gammaproteobacteria	Enterobacterales	Enterobacteriaceae	Klebsiella
AGGGGGCAAGCGTTATCCGGATTTACTGGGTGTAAAGGGAGCGTAGACGGCATGGCAAGCCAGATGTGAAAGCCCGGGGCTCAACCCCGGGACTGCATTTGGAACTGTCAGGCTAGAGTGTCGGAGAGGAAAGCGGAATTCCTAGTGTAGCGGTGAAATGCGTAGATATTAGGAGGAACACCAGTGGCGAAGGCGGCTTTCTGGACGATGACTGACGTTGAGGCTCGAAAGCGTGGGGAGCA	Bacteria	Firmicutes	Clostridia	Clostridiales	Lachnospiraceae	NA
ATACGTAGGGTGCAAGCGTTATCCGGAATTATTGGGCGTAAAGGGCTCGTAGGCGGTTCGTCGCGTCCGGTGTGAAAGTCCATCGCTTAACGGTGGATCCGCGCCGGGTACGGGCGGGCTTGAGTACAGTAGAGGCAGGCGGAATTCGTGGTGTAGCGGTGAAATGCTTAGATATCACGAAGAACTCCGATTGCGAAGGCAGCTTGCTGGACTGTAACTGACGCTGATGCGCGAAAGCGTGGGGAGCA	Bacteria	NA	NA	NA	NA	NA
AGTGAAAGCCCGGGGCTCAACTCCGGGATTGCTTTTGAAACTGTGTAGCTAGATTGCAGGAGAGGTAAGTGGAATTCCTAGTGTAGCGGTGAAATGCGTAGATATTAGGAGGAACACCAGTGGCGAAGGCGGCTTACTGGACTGTAAATGACGCTGAGGCTCGAAAGCGTGGGGAGCA	Bacteria	Firmicutes	Clostridia	Clostridiales	Lachnospiraceae	NA
ACGTAGGTGGCAAGCGTTGTCCGGATTTATTGGGCGTAAAGGGAGCGCAGGCGGTTTGGCAAGTCTGAATGTGAAAGCCCTCAGCTTAACTGAGGAAGAGCATCGGAAACTGTCAAACTTGAGTGCAGAAGAGGAGAGTGGAACTCCATGTGTAGCGGTGAAATGCGTAGATATATGGAAGAACACCAGTGGCGAAGGCGGCTCTCTGGTCTGTAACTGACGCTGAGGCTCGAAAGCATGGGTAGCG	Bacteria	Firmicutes	Bacilli	Lactobacillales	Lactobacillaceae	Bombilactobacillus
GGTGGCGAGCGTTATCCGGAATGATTGGGCGTAAAGGGTGCGTAGGTGGCAGATCAAGTCTGGAGTAAAAGGTATGGGCTCAACCCGTACTGGCTCTGGAAACTGATCAGCTAGAGAACAGAAGAGGACGGCGGAACTCCATGTGTAGCGGTAAAATGCGTAGATATATGGAAGAACACCGGTGGCGAAGGCGGCCGTCTGGTCTGGATTCTGACACTGAAGCACGAAAGCGTGGGGAGCA	Bacteria	Firmicutes	Erysipelotrichia	Erysipelotrichales	Erysipelotrichaceae	Holdemanella
